{"cameraMode":{"drawMode":0,"name":"Shaded","section":"Shading Mode"},"sceneLighting":false,"audioPlay":false,"sceneViewState":{"showFog":true,"showMaterialUpdate":false,"showSkybox":false,"showFlares":true,"showImageEffects":true,"showParticleSystems":true,"showVisualEffectGraphs":true,"m_FxEnabled":true},"in2DMode":false,"pivot":{"x":1.1150325536727906,"y":3.2172014713287355,"z":2.3653347492218019},"rotation":{"x":-0.08237997442483902,"y":0.8776754140853882,"z":-0.4439474642276764,"w":-0.16266825795173646},"size":1.8519928455352784,"orthographic":false}