{"cameraMode":{"drawMode":0,"name":"Shaded","section":"Shading Mode"},"sceneLighting":false,"audioPlay":false,"sceneViewState":{"showFog":true,"showMaterialUpdate":false,"showSkybox":true,"showFlares":true,"showImageEffects":true,"showParticleSystems":true,"showVisualEffectGraphs":true,"m_FxEnabled":true},"in2DMode":false,"pivot":{"x":27.393573760986329,"y":7.28393030166626,"z":22.68478012084961},"rotation":{"x":0.017153587192296983,"y":-0.9512422680854797,"z":0.30366000533103945,"w":0.05377313494682312},"size":3.0907983779907228,"orthographic":false}