{"cameraMode":{"drawMode":0,"name":"Shaded","section":"Shading Mode"},"sceneLighting":false,"audioPlay":false,"sceneViewState":{"showFog":true,"showMaterialUpdate":false,"showSkybox":true,"showFlares":true,"showImageEffects":true,"showParticleSystems":true,"showVisualEffectGraphs":true,"m_FxEnabled":true},"in2DMode":false,"pivot":{"x":29.637619018554689,"y":2.8808233737945558,"z":27.197757720947267},"rotation":{"x":-0.1044199988245964,"y":-0.08724930137395859,"z":-0.009176742285490036,"w":0.9907897114753723},"size":3.0907983779907228,"orthographic":false}