{"cameraMode":{"drawMode":0,"name":"Shaded","section":"Shading Mode"},"sceneLighting":true,"audioPlay":false,"sceneViewState":{"showFog":true,"showMaterialUpdate":false,"showSkybox":true,"showFlares":true,"showImageEffects":true,"showParticleSystems":true,"showVisualEffectGraphs":true,"m_FxEnabled":true},"in2DMode":false,"pivot":{"x":13.886545181274414,"y":21.638103485107423,"z":37.191673278808597},"rotation":{"x":0.0737394317984581,"y":-0.7807600498199463,"z":0.6138972640037537,"w":0.09392568469047547},"size":1.4798656702041627,"orthographic":false}