{"cameraMode":{"drawMode":0,"name":"Shaded","section":"Shading Mode"},"sceneLighting":false,"audioPlay":false,"sceneViewState":{"showFog":true,"showMaterialUpdate":false,"showSkybox":false,"showFlares":true,"showImageEffects":true,"showParticleSystems":true,"showVisualEffectGraphs":true,"m_FxEnabled":true},"in2DMode":false,"pivot":{"x":0.20515793561935426,"y":0.08097672462463379,"z":-0.1771225929260254},"rotation":{"x":-0.05557328090071678,"y":0.8932647705078125,"z":-0.43182533979415896,"w":-0.11474905908107758},"size":1.8519928455352784,"orthographic":false}